[{"pk": 1, "model": "bookmarks.link", "fields": {"url": "http://packtpub.com"}}, {"pk": 2, "model": "bookmarks.link", "fields": {"url": "http://www.google.com"}}, {"pk": 3, "model": "bookmarks.link", "fields": {"url": "http://youtube.com/"}}, {"pk": 4, "model": "bookmarks.link", "fields": {"url": "http://vimeo.com/"}}, {"pk": 5, "model": "bookmarks.link", "fields": {"url": "http://facebook.com/"}}, {"pk": 6, "model": "bookmarks.link", "fields": {"url": "http://flickr.com/"}}, {"pk": 7, "model": "bookmarks.link", "fields": {"url": "http://hacker.com/"}}, {"pk": 8, "model": "bookmarks.link", "fields": {"url": "http://packtpub.com/"}}, {"pk": 9, "model": "bookmarks.link", "fields": {"url": "http://google.com/"}}, {"pk": 10, "model": "bookmarks.link", "fields": {"url": "http://ShakeYourLife.com/"}}, {"pk": 11, "model": "bookmarks.link", "fields": {"url": "https://m0n0box.homeip.net/"}}, {"pk": 12, "model": "bookmarks.link", "fields": {"url": "http://www.myblog.com/index.html"}}, {"pk": 13, "model": "bookmarks.link", "fields": {"url": "https://www.myblog.com/index.html"}}, {"pk": 14, "model": "bookmarks.link", "fields": {"url": "http://www.javascriptland.com/"}}, {"pk": 15, "model": "bookmarks.link", "fields": {"url": "http://mesfesses.com/"}}, {"pk": 1, "model": "bookmarks.bookmark", "fields": {"link": 1, "user": 1, "title": "Packt Publishing"}}, {"pk": 2, "model": "bookmarks.bookmark", "fields": {"link": 3, "user": 1, "title": "YouuTube"}}, {"pk": 3, "model": "bookmarks.bookmark", "fields": {"link": 4, "user": 1, "title": "Vimeo"}}, {"pk": 4, "model": "bookmarks.bookmark", "fields": {"link": 5, "user": 1, "title": "Facebook"}}, {"pk": 5, "model": "bookmarks.bookmark", "fields": {"link": 6, "user": 1, "title": "Flickr"}}, {"pk": 6, "model": "bookmarks.bookmark", "fields": {"link": 7, "user": 1, "title": "Hacker & XSS"}}, {"pk": 7, "model": "bookmarks.bookmark", "fields": {"link": 3, "user": 2, "title": "Something"}}, {"pk": 8, "model": "bookmarks.bookmark", "fields": {"link": 8, "user": 1, "title": "Packt Publishing"}}, {"pk": 9, "model": "bookmarks.bookmark", "fields": {"link": 9, "user": 1, "title": "Google.com"}}, {"pk": 10, "model": "bookmarks.bookmark", "fields": {"link": 10, "user": 3, "title": "Shake YourLife"}}, {"pk": 11, "model": "bookmarks.bookmark", "fields": {"link": 11, "user": 1, "title": "My m0n0box firewall"}}, {"pk": 12, "model": "bookmarks.bookmark", "fields": {"link": 12, "user": 1, "title": "My blog"}}, {"pk": 13, "model": "bookmarks.bookmark", "fields": {"link": 13, "user": 1, "title": "My blog"}}, {"pk": 14, "model": "bookmarks.bookmark", "fields": {"link": 14, "user": 1, "title": "Javascript Land website"}}, {"pk": 15, "model": "bookmarks.bookmark", "fields": {"link": 15, "user": 1, "title": "Javascript Mes Fesses"}}, {"pk": 1, "model": "bookmarks.tag", "fields": {"bookmarks": [2, 3, 4, 7], "name": "video"}}, {"pk": 2, "model": "bookmarks.tag", "fields": {"bookmarks": [2, 3, 4, 5], "name": "fun"}}, {"pk": 3, "model": "bookmarks.tag", "fields": {"bookmarks": [], "name": "movies"}}, {"pk": 4, "model": "bookmarks.tag", "fields": {"bookmarks": [], "name": "series"}}, {"pk": 5, "model": "bookmarks.tag", "fields": {"bookmarks": [3], "name": "hd"}}, {"pk": 6, "model": "bookmarks.tag", "fields": {"bookmarks": [4, 5, 10], "name": "photo"}}, {"pk": 7, "model": "bookmarks.tag", "fields": {"bookmarks": [4], "name": "friends"}}, {"pk": 8, "model": "bookmarks.tag", "fields": {"bookmarks": [6, 8, 14], "name": "javascript"}}, {"pk": 9, "model": "bookmarks.tag", "fields": {"bookmarks": [6], "name": "hack"}}, {"pk": 10, "model": "bookmarks.tag", "fields": {"bookmarks": [6], "name": "xss"}}, {"pk": 11, "model": "bookmarks.tag", "fields": {"bookmarks": [6], "name": "+w+w+x"}}, {"pk": 12, "model": "bookmarks.tag", "fields": {"bookmarks": [2], "name": "something"}}, {"pk": 13, "model": "bookmarks.tag", "fields": {"bookmarks": [2], "name": "movie"}}, {"pk": 14, "model": "bookmarks.tag", "fields": {"bookmarks": [2, 4], "name": "daily"}}, {"pk": 15, "model": "bookmarks.tag", "fields": {"bookmarks": [8], "name": "voila"}}, {"pk": 16, "model": "bookmarks.tag", "fields": {"bookmarks": [8], "name": "virage"}}, {"pk": 17, "model": "bookmarks.tag", "fields": {"bookmarks": [8], "name": "vivi"}}, {"pk": 18, "model": "bookmarks.tag", "fields": {"bookmarks": [9], "name": "search"}}, {"pk": 19, "model": "bookmarks.tag", "fields": {"bookmarks": [9], "name": "engine"}}, {"pk": 20, "model": "bookmarks.tag", "fields": {"bookmarks": [9], "name": "nada"}}, {"pk": 21, "model": "bookmarks.tag", "fields": {"bookmarks": [10], "name": "travel"}}, {"pk": 22, "model": "bookmarks.tag", "fields": {"bookmarks": [10, 12, 13], "name": "blog"}}, {"pk": 23, "model": "bookmarks.tag", "fields": {"bookmarks": [11], "name": "firewall"}}, {"pk": 24, "model": "bookmarks.tag", "fields": {"bookmarks": [11], "name": "home"}}, {"pk": 25, "model": "bookmarks.tag", "fields": {"bookmarks": [11], "name": "private"}}, {"pk": 26, "model": "bookmarks.tag", "fields": {"bookmarks": [12, 13], "name": "perso"}}, {"pk": 27, "model": "bookmarks.tag", "fields": {"bookmarks": [8, 15], "name": "web"}}, {"pk": 28, "model": "bookmarks.tag", "fields": {"bookmarks": [14], "name": "development"}}, {"pk": 29, "model": "bookmarks.tag", "fields": {"bookmarks": [14], "name": "language"}}, {"pk": 30, "model": "bookmarks.tag", "fields": {"bookmarks": [15], "name": "tool"}}, {"pk": 1, "model": "bookmarks.sharedbookmark", "fields": {"bookmark": 9, "date": "2010-10-10 23:55:27", "votes": 2, "users_voted": [1, 2]}}, {"pk": 2, "model": "bookmarks.sharedbookmark", "fields": {"bookmark": 10, "date": "2010-10-11 08:18:11", "votes": 1, "users_voted": [3]}}, {"pk": 1, "model": "bookmarks.friendship", "fields": {"to_friend": 3, "from_friend": 1}}, {"pk": 2, "model": "bookmarks.friendship", "fields": {"to_friend": 1, "from_friend": 3}}, {"pk": 3, "model": "bookmarks.friendship", "fields": {"to_friend": 1, "from_friend": 4}}, {"pk": 4, "model": "bookmarks.friendship", "fields": {"to_friend": 4, "from_friend": 1}}, {"pk": 5, "model": "bookmarks.friendship", "fields": {"to_friend": 3, "from_friend": 4}}, {"pk": 1, "model": "bookmarks.invitation", "fields": {"code": "PVk6DtTdqWqaYwd9DPsL", "sender": 1, "name": "marco", "email": "marco@brothier.org"}}, {"pk": 2, "model": "bookmarks.invitation", "fields": {"code": "UNE88XcYeTxJrkYDh4Yc", "sender": 4, "name": "titi", "email": "ma.brothier@gmail.com"}}, {"pk": 3, "model": "bookmarks.invitation", "fields": {"code": "GyeWquxVNMwCEcDhYbPN", "sender": 4, "name": "titi", "email": "ma.brothier@gmail.com"}}, {"pk": 41, "model": "auth.permission", "fields": {"codename": "add_logentry", "name": "Can add log entry", "content_type": 14}}, {"pk": 42, "model": "auth.permission", "fields": {"codename": "change_logentry", "name": "Can change log entry", "content_type": 14}}, {"pk": 43, "model": "auth.permission", "fields": {"codename": "delete_logentry", "name": "Can delete log entry", "content_type": 14}}, {"pk": 4, "model": "auth.permission", "fields": {"codename": "add_group", "name": "Can add group", "content_type": 2}}, {"pk": 5, "model": "auth.permission", "fields": {"codename": "change_group", "name": "Can change group", "content_type": 2}}, {"pk": 6, "model": "auth.permission", "fields": {"codename": "delete_group", "name": "Can delete group", "content_type": 2}}, {"pk": 10, "model": "auth.permission", "fields": {"codename": "add_message", "name": "Can add message", "content_type": 4}}, {"pk": 11, "model": "auth.permission", "fields": {"codename": "change_message", "name": "Can change message", "content_type": 4}}, {"pk": 12, "model": "auth.permission", "fields": {"codename": "delete_message", "name": "Can delete message", "content_type": 4}}, {"pk": 1, "model": "auth.permission", "fields": {"codename": "add_permission", "name": "Can add permission", "content_type": 1}}, {"pk": 2, "model": "auth.permission", "fields": {"codename": "change_permission", "name": "Can change permission", "content_type": 1}}, {"pk": 3, "model": "auth.permission", "fields": {"codename": "delete_permission", "name": "Can delete permission", "content_type": 1}}, {"pk": 7, "model": "auth.permission", "fields": {"codename": "add_user", "name": "Can add user", "content_type": 3}}, {"pk": 8, "model": "auth.permission", "fields": {"codename": "change_user", "name": "Can change user", "content_type": 3}}, {"pk": 9, "model": "auth.permission", "fields": {"codename": "delete_user", "name": "Can delete user", "content_type": 3}}, {"pk": 25, "model": "auth.permission", "fields": {"codename": "add_bookmark", "name": "Can add bookmark", "content_type": 9}}, {"pk": 26, "model": "auth.permission", "fields": {"codename": "change_bookmark", "name": "Can change bookmark", "content_type": 9}}, {"pk": 27, "model": "auth.permission", "fields": {"codename": "delete_bookmark", "name": "Can delete bookmark", "content_type": 9}}, {"pk": 44, "model": "auth.permission", "fields": {"codename": "add_friendship", "name": "Can add friendship", "content_type": 15}}, {"pk": 45, "model": "auth.permission", "fields": {"codename": "change_friendship", "name": "Can change friendship", "content_type": 15}}, {"pk": 46, "model": "auth.permission", "fields": {"codename": "delete_friendship", "name": "Can delete friendship", "content_type": 15}}, {"pk": 47, "model": "auth.permission", "fields": {"codename": "add_invitation", "name": "Can add invitation", "content_type": 16}}, {"pk": 48, "model": "auth.permission", "fields": {"codename": "change_invitation", "name": "Can change invitation", "content_type": 16}}, {"pk": 49, "model": "auth.permission", "fields": {"codename": "delete_invitation", "name": "Can delete invitation", "content_type": 16}}, {"pk": 22, "model": "auth.permission", "fields": {"codename": "add_link", "name": "Can add link", "content_type": 8}}, {"pk": 23, "model": "auth.permission", "fields": {"codename": "change_link", "name": "Can change link", "content_type": 8}}, {"pk": 24, "model": "auth.permission", "fields": {"codename": "delete_link", "name": "Can delete link", "content_type": 8}}, {"pk": 31, "model": "auth.permission", "fields": {"codename": "add_sharedbookmark", "name": "Can add shared bookmark", "content_type": 11}}, {"pk": 32, "model": "auth.permission", "fields": {"codename": "change_sharedbookmark", "name": "Can change shared bookmark", "content_type": 11}}, {"pk": 33, "model": "auth.permission", "fields": {"codename": "delete_sharedbookmark", "name": "Can delete shared bookmark", "content_type": 11}}, {"pk": 28, "model": "auth.permission", "fields": {"codename": "add_tag", "name": "Can add tag", "content_type": 10}}, {"pk": 29, "model": "auth.permission", "fields": {"codename": "change_tag", "name": "Can change tag", "content_type": 10}}, {"pk": 30, "model": "auth.permission", "fields": {"codename": "delete_tag", "name": "Can delete tag", "content_type": 10}}, {"pk": 34, "model": "auth.permission", "fields": {"codename": "add_comment", "name": "Can add comment", "content_type": 12}}, {"pk": 37, "model": "auth.permission", "fields": {"codename": "can_moderate", "name": "Can moderate comments", "content_type": 12}}, {"pk": 35, "model": "auth.permission", "fields": {"codename": "change_comment", "name": "Can change comment", "content_type": 12}}, {"pk": 36, "model": "auth.permission", "fields": {"codename": "delete_comment", "name": "Can delete comment", "content_type": 12}}, {"pk": 38, "model": "auth.permission", "fields": {"codename": "add_commentflag", "name": "Can add comment flag", "content_type": 13}}, {"pk": 39, "model": "auth.permission", "fields": {"codename": "change_commentflag", "name": "Can change comment flag", "content_type": 13}}, {"pk": 40, "model": "auth.permission", "fields": {"codename": "delete_commentflag", "name": "Can delete comment flag", "content_type": 13}}, {"pk": 13, "model": "auth.permission", "fields": {"codename": "add_contenttype", "name": "Can add content type", "content_type": 5}}, {"pk": 14, "model": "auth.permission", "fields": {"codename": "change_contenttype", "name": "Can change content type", "content_type": 5}}, {"pk": 15, "model": "auth.permission", "fields": {"codename": "delete_contenttype", "name": "Can delete content type", "content_type": 5}}, {"pk": 16, "model": "auth.permission", "fields": {"codename": "add_session", "name": "Can add session", "content_type": 6}}, {"pk": 17, "model": "auth.permission", "fields": {"codename": "change_session", "name": "Can change session", "content_type": 6}}, {"pk": 18, "model": "auth.permission", "fields": {"codename": "delete_session", "name": "Can delete session", "content_type": 6}}, {"pk": 19, "model": "auth.permission", "fields": {"codename": "add_site", "name": "Can add site", "content_type": 7}}, {"pk": 20, "model": "auth.permission", "fields": {"codename": "change_site", "name": "Can change site", "content_type": 7}}, {"pk": 21, "model": "auth.permission", "fields": {"codename": "delete_site", "name": "Can delete site", "content_type": 7}}, {"pk": 1, "model": "auth.user", "fields": {"username": "marco", "first_name": "Marc-Aur\u00e8le", "last_name": "Brothier", "is_active": true, "is_superuser": true, "is_staff": true, "last_login": "2010-10-12 10:42:47", "groups": [], "user_permissions": [], "password": "sha1$84755$b43863e392b9eecb531aecd2f113fc1fd6a5e374", "email": "ma.brothier@gmail.com", "date_joined": "2010-10-08 17:27:14"}}, {"pk": 2, "model": "auth.user", "fields": {"username": "toto", "first_name": "", "last_name": "", "is_active": true, "is_superuser": false, "is_staff": false, "last_login": "2010-10-11 08:17:26", "groups": [], "user_permissions": [], "password": "sha1$3ac92$1b1f172b1ee65ccc17329d4c4fdf8499085fc204", "email": "toto@toto.com", "date_joined": "2010-10-09 15:37:26"}}, {"pk": 3, "model": "auth.user", "fields": {"username": "titi", "first_name": "", "last_name": "", "is_active": true, "is_superuser": false, "is_staff": false, "last_login": "2010-10-11 08:17:42", "groups": [], "user_permissions": [], "password": "sha1$2fee0$f00a7355dc45557d96abfe14edf8c4fedf808f5c", "email": "titi@titi.com", "date_joined": "2010-10-09 15:43:58"}}, {"pk": 4, "model": "auth.user", "fields": {"username": "pouet", "first_name": "", "last_name": "", "is_active": true, "is_superuser": false, "is_staff": false, "last_login": "2010-10-11 23:41:33", "groups": [], "user_permissions": [], "password": "sha1$e1081$3dd07d9d89225c910569e37be192f3ddc6c5767e", "email": "pouet@toto.com", "date_joined": "2010-10-11 23:41:24"}}, {"pk": 5, "model": "auth.user", "fields": {"username": "testuser", "first_name": "", "last_name": "", "is_active": true, "is_superuser": false, "is_staff": false, "last_login": "2010-10-12 10:57:24", "groups": [], "user_permissions": [], "password": "sha1$63efe$d38afb50622f6ca163e301cf4d3da8afd0817c10", "email": "test@testworld.com", "date_joined": "2010-10-12 10:57:24"}}]